<?xml version="1.0" encoding="UTF-8"?>
<!-- IMPORTANT: This is an internal file that has been generated
     by the Xilinx ISE software.  Any direct editing or
     changes made to this file may result in unpredictable
     behavior or data corruption.  It is strongly advised that
     users do not edit the contents of this file. -->
<DeviceUsageSummary rev="1">
<DesignStatistics TimeStamp="Thu Dec 05 02:42:07 2019"><group name="MiscellaneousStatistics">
<item name="AGG_BONDED_IO" rev="1">
<attrib name="value" value="113"/></item>
<item name="AGG_IO" rev="1">
<attrib name="value" value="113"/></item>
<item name="AGG_SLICE" rev="1">
<attrib name="value" value="2175"/></item>
<item name="NUM_4_INPUT_LUT" rev="1">
<attrib name="value" value="3285"/></item>
<item name="NUM_BONDED_IBUF" rev="1">
<attrib name="value" value="14"/></item>
<item name="NUM_BONDED_IOB" rev="1">
<attrib name="value" value="99"/></item>
<item name="NUM_BUFGMUX" rev="1">
<attrib name="value" value="1"/></item>
<item name="NUM_CYMUX" rev="1">
<attrib name="value" value="251"/></item>
<item name="NUM_LUT_RT" rev="1">
<attrib name="value" value="64"/></item>
<item name="NUM_RAMB16" rev="1">
<attrib name="value" value="5"/></item>
<item name="NUM_SLICEL" rev="1">
<attrib name="value" value="1919"/></item>
<item name="NUM_SLICEM" rev="1">
<attrib name="value" value="256"/></item>
<item name="NUM_SLICE_FF" rev="1">
<attrib name="value" value="1534"/></item>
<item name="NUM_XOR" rev="1">
<attrib name="value" value="160"/></item>
</group>
</DesignStatistics>
<CmdHistory>
</CmdHistory>
</DeviceUsageSummary>
